<Transplants>
  <portfolioElements/>
  <portfolios/>
  <userRoles>
    <users/>
    <roles/>
    <features/>
    <addressTypes/>
    <emailTypes/>
    <phoneTypes/>
    <businessContexts/>
    <responsibleSubContextConfigs/>
    <strategyContextConfigs>
      <StrategyContextConfig>
        <applicableModules>URM,VM</applicableModules>
        <contextName>Global</contextName>
        <enabled>true</enabled>
      </StrategyContextConfig>
      <StrategyContextConfig>
        <applicableModules>URM,DTM,CM,SC,DVB,WFM,VM,TM,DDTM,NM</applicableModules>
        <contextName>Responsible</contextName>
        <enabled>true</enabled>
      </StrategyContextConfig>
      <StrategyContextConfig>
        <applicableModules>URM,VM,TM</applicableModules>
        <contextName>Customer</contextName>
        <enabled>true</enabled>
      </StrategyContextConfig>
      <StrategyContextConfig>
        <applicableModules>URM,DTM,CM,DDTM,DVB,WFM,VM,TM,NM</applicableModules>
        <contextName>External Entity</contextName>
        <enabled>true</enabled>
      </StrategyContextConfig>
      <StrategyContextConfig>
        <applicableModules>URM,CM,DVB</applicableModules>
        <contextName>System</contextName>
        <enabled>true</enabled>
      </StrategyContextConfig>
    </strategyContextConfigs>
    <externalEntities/>
    <agencyMetaDataFields/>
    <organizationLevelFours/>
    <organizationLevelOnes/>
    <organizationLevelTwos/>
    <organizationLevelThrees/>
    <roleTypes/>
  </userRoles>
</Transplants>